<configs>

	<append xpath="/buffs/buff[@name='buffStatusCheck01']/effect_group"> <!-- Checks if in biome 8 wasteland -->
		<triggered_effect trigger="onSelfEnteredBiome" action="AddBuff" buff="buffRadiation01">
			<requirement name="NotHasBuff" buff="buffRadSuit"/>
			<requirement name="InBiome" biome="8"/>
		</triggered_effect>2
		<triggered_effect trigger="onSelfEnteredBiome" action="AddBuff" buff="buffRadiation01">
			<requirement name="InBiome" biome="7"/>
		</triggered_effect>
		<triggered_effect trigger="onSelfEnteredBiome" action="AddBuff" buff="buffRadiation03">
			<requirement name="InBiome" biome="7"/>
		</triggered_effect>
		<triggered_effect trigger="onSelfRespawn" action="AddBuff" buff="buffRadiation01">
			<requirement name="InBiome" biome="8"/>
		</triggered_effect>
		<triggered_effect trigger="onSelfSwimStart" action="AddBuff" buff="buffRadiation01">
			<requirement name="InBiome" biome="8"/>
		</triggered_effect>
		<!--> <triggered_effect trigger="onSelfRespawn" action="AddBuff" buff="buffRadiation01"/>
		<triggered_effect trigger="onSelfEnteredGame" action="AddBuff" buff="buffRadiation01"/> -->
		<triggered_effect trigger="onOtherAttackedSelf" action ="AddBuff" buff="buffRadiation01"/>
			<requirement name="InBiome" biome="8"/>
		<triggered_effect trigger="onSelfBuffUpdate" action="AddBuff" buff="buffRadiation01">
			<requirement name="InBiome" biome="8"/>
			<requirement name="NotHasBuff" buff="buffRadSuit"/>
		</triggered_effect>
		<triggered_effect trigger="onSelfBuffUpdate" action="AddBuff" buff="buffRadiation03">
			<requirement name="InBiome" biome="7"/>
		</triggered_effect>
		<triggered_effect trigger="onSelfBuffUpdate" action="ModifyCVar" cvar="$buffStatusRadiation" operation="add" value="randomfloat(1,3)"> <!-- bonus radiation increase when damaged by radiation -->
			<requirement name="HasBuff" buff="buffRadiation03"/>
			<requirement name="CVarCompare" cvar="@_underwater" operation="LT" value="0.5"/>
			<requirement name="!HasBuff" buff="buffRadSuit"/>
		</triggered_effect>
		<triggered_effect trigger="onSelfBuffUpdate" action="ModifyCVar" cvar="@buffStatusRadiation" operation="add" value="@_biomeradiation">
			<requirement name="HasBuff" buff="buffRadiation01"/>
			<requirement name="!HasBuff" buff="buffRadSuit"/>
		</triggered_effect>
	</append>
		<append xpath="/buffs">
		<buff name="buffRadiation01" name_key="buffRadiation01Name" description_key="buffRadiation01Desc" tooltip_key="buffRadiation01Tooltip" icon="ui_game_symbol_radiation" icon_color="255,255,0" icon_blink="false">
			<damage_type value="radiation"/>
			<stack_type value="ignore"/>
			<duration value="0"/>
			<display_value value="$buffStatusRadiation"/><display_value_key value="{0:0.0}%"/>
			<update_rate value="3"/>


			<effect_group name="Radiation">
				<triggered_effect trigger="onSelfBuffUpdate" action="ModifyStats" stat="Health" operation="subtract" value="@$buffStatusRadiationPerc"> <!-- Damages player every buff update -->
					<requirement name="StatCompareCurrent" stat="Health" operation="GT" value="1"/> <!-- Ensures that player never dies from radiation alone -->
				</triggered_effect>
				<triggered_effect trigger="onSelfBuffUpdate" action="AddBuff" buff="buffDysenteryMain"> <!-- Random chance of dysentery once over 80 percent -->
					<requirement name="CVarCompare" cvar="$buffStatusRadiation" operation="GTE" value="80"/>
					<requirement name="RandomRoll" seed_type="Random" min_max="0,100" operation="GTE" value="99.5"/>
				</triggered_effect>
				<triggered_effect trigger="onOtherDamagedSelf" action="AddBuff" buff="buffFatigued"> <!-- Random chance of fatigue once over 50 percent -->
					<requirement name="CVarCompare" cvar="$buffStatusRadiation" operation="GTE" value="50"/>
					<requirement name="RandomRoll" seed_type="Random" min_max="0,100" operation="LTE" value="0.1"/>
				</triggered_effect>
				<triggered_effect trigger="onSelfBuffUpdate" action="Ragdoll" duration="30">
					<requirement name="CVarCompare" cvar="$buffStatusRadiation" operation="GTE" value="99.4"/>
					<requirement name="NotHasBuff" buff="buffRadSuit"/>
				</triggered_effect>
				<triggered_effect trigger="onSelfBuffUpdate" action="AddBuff" buff="buffInternalBleeding"> <!-- Death occurs at 100 percent -->
					<requirement name="CVarCompare" cvar="$buffStatusRadiation" operation="GTE" value="100"/>
				</triggered_effect>
			</effect_group>
			
			<effect_group name="Radsuit">
				<triggered_effect trigger="onSelfBuffUpdate" action="AddBuff" target="self" buff="buffRadSuit"> --> <!-- Checks if player wearing whole radiation suit then gives player immunity from radiation -->
					<requirement name="HasBuff" buff="buffNomadSetBonus"/>
					<requirement name="!HasBuff" buff="buffStatusArmorBroken"/>
				</triggered_effect>
				<triggered_effect trigger="onSelfBuffUpdate" action="RemoveBuff" target="self" buff="buffRadSuit"> --> <!--  -->
					<requirement name="HasBuff" buff="buffStatusArmorBroken"/>
				</triggered_effect>
				<triggered_effect trigger="onSelfBuffUpdate" action="RemoveBuff" target="self" buff="buffRadSuit"> --> <!--  -->
					<requirement name="!HasBuff" buff="buffNomadSetBonus"/>
				</triggered_effect>
			</effect_group>
			
			<effect_group> <!-- affects game variables and counters -->
				<triggered_effect trigger="onSelfBuffUpdate" action="ModifyCVar" cvar="$buffStatusRadiationPerc" operation="set" value="@$buffStatusRadiation"/> <!-- converts variables from game to a lower number -->
				<triggered_effect trigger="onSelfBuffUpdate" action="ModifyCVar" cvar="$buffStatusRadiationPerc" operation="divide" value="100"/>
				<triggered_effect trigger="onSelfBuffUpdate" action="ModifyCVar" cvar="$shelteredPerc" operation="set" value="@_sheltered"/> <!--  -->
				<triggered_effect trigger="onSelfBuffUpdate" action="ModifyCVar" cvar="$shelteredPerc" operation="divide" value="12"/> <!-- "value=" affects how much shelter protects from radiation -->
				<triggered_effect trigger="onSelfBuffUpdate" action="ModifyCVar" cvar="$shadedPerc" operation="set" value="@_shaded"/> <!--  -->
				<triggered_effect trigger="onSelfBuffUpdate" action="ModifyCVar" cvar="$shadedPerc" operation="divide" value="15"/> <!-- "value=" affects how much shade protects from radiation -->
			</effect_group>

			<effect_group>
				<triggered_effect trigger="onSelfBuffUpdate" action="ModifyCVar" cvar="RadiationSignal" operation="add" value="1"/>
				<triggered_effect trigger="onSelfBuffUpdate" action="ModifyCVar" cvar="RadiationSignal" operation="set" value="0">
					<requirement name="CVarCompare" cvar="RadiationSignal" operation="Equals" value="2"/>
				</triggered_effect>
				<triggered_effect trigger="onSelfBuffUpdate" action="ModifyCVar" cvar="RadiationSignal" operation="set" value="0"/>
				<triggered_effect trigger="onSelfBuffUpdate" action="ModifyScreenEffect" intensity="1" fade=".2" effect_name="Hot">
					<requirement name="CVarCompare" cvar="RadiationSignal" operation="Equals" value="1"/>
				</triggered_effect>
				<triggered_effect trigger="onSelfBuffUpdate" action="ModifyScreenEffect" intensity="0" fade=".2" effect_name="Hot">
					<requirement name="CVarCompare" cvar="RadiationSignal" operation="Equals" value="0"/>
				</triggered_effect>
				<triggered_effect trigger="onSelfBuffRemove" action="ModifyScreenEffect" intensity="0" fade="1" effect_name="Hot"/>
				<triggered_effect trigger="onSelfBuffStart" action="ModifyScreenEffect" effect_name="Radiation" intensity=".01" fade="2"/>
				<triggered_effect trigger="onSelfBuffRemove" action="ModifyCVar" cvar="$buffStatusRadiation" operation="set" value="0"/>
				<triggered_effect trigger="onSelfDied" action="ModifyScreenEffect" effect_name="Radiation" intensity="0" fade="0"/>
				<triggered_effect trigger="onSelfDied" action="ModifyScreenEffect" effect_name="Blur" intensity="0" fade="0"/>
				<triggered_effect trigger="onSelfBuffUpdate" action="RemoveBuff" buff="buffRadiation01">
					<requirement name="CVarCompare" cvar="$buffStatusRadiation" operation="LTE" value="0"/>
				</triggered_effect>
				<triggered_effect trigger="onSelfBuffStart" action="PlaySound" sound="a_radiated_strong_lp" play_in_head="true"/>
				<triggered_effect trigger="onSelfBuffStart" action="ModifyCVar" cvar="$buffStatusRadiation" operation="set" value="0.1"/> <!-- how much radiation the buff starts with -->
				<triggered_effect trigger="onSelfBuffStart" action="ModifyScreenEffect" effect_name="Radiation" intensity="0.05" fade="2"/>
				<triggered_effect trigger="onSelfBuffRemove" action="ModifyScreenEffect" effect_name="Radiation" intensity="0" fade="2"/>
				<triggered_effect trigger="onSelfBuffRemove" action="ModifyScreenEffect" effect_name="Blur" intensity="0" fade="2"/>
				<passive_effect name="HealthMaxBlockage" operation="base_add" value="@$buffStatusRadiation"/> <!-- Max health is affected here -->
				<passive_effect name="StaminaMaxBlockage" operation="base_add" value="@$buffStatusRadiation"/>
				<passive_effect name="FoodMaxBlockage" operation="base_add" value="@$buffStatusRadiationPerc"/>
				<passive_effect name="WaterMaxBlockage" operation="base_add" value="@$buffStatusRadiationPerc"/>
				<!-- <passive_effect name="BuffResistance" operation="perc_subtract" value="@$buffStatusRadiationPerc" tags="buffFatiguedTrigger,buffArmSprainedCHTrigger,buffLaceration,buffInfectionCatch,buffAbrasionCatch,buffInjuryBleedingTwo,buffInjuryBleedingBarbedWire"/> --> <!-- Buff resistance is affected here. -->
				<!-- Decreases health passively. <passive_effect name="HealthChangeOT" operation="base_subtract" value="@$buffStatusRadiationPerc">
					<requirement name="CVarCompare" cvar="$buffStatusRadiation" operation="GTE" value="80"/>
				</passive_effect> -->
			</effect_group>
			
			<effect_group name="Biome radiation">
				<triggered_effect trigger="onSelfBuffUpdate" action="ModifyCVar" cvar="$buffStatusRadiation" operation="subtract" value="randomfloat(.01,.05)"> <!-- Passively decreases radiation when not in wasteland biome. Change "value=" to higher number if you want to change how much radiation is decreased when not in wasteland biome -->
					<requirement name="!InBiome" biome="8"/> <!-- wasteland biome -->
					<requirement name="CVarCompare" cvar="$buffStatusRadiation" operation="GT" value="0"/>
				</triggered_effect>
				<triggered_effect trigger="onSelfBuffUpdate" action="ModifyCVar" cvar="$buffStatusRadiation" operation="add" value="randomfloat(.135,.18)"> <!-- passively increase radiation when in wasteland biome. Change value= if you want to faster or slower radiation when in wasteland biome -->
					<requirement name="InBiome" biome="8"/>
					<requirement name="NotHasBuff" buff="buffRadSuit"/>
					<requirement name="CVarCompare" cvar="$buffStatusRadiation" operation="LT" value="100"/>
				</triggered_effect>
				<triggered_effect trigger="onSelfBuffUpdate" action="ModifyCVar" cvar="$buffStatusRadiation" operation="add" value="@_biomeradiation"> <!-- passively increase radiation when in radiated biome. Change value= if you want to faster or slower radiation when in radiated biome -->
					<requirement name="InBiome" biome="7"/>
					<requirement name="CVarCompare" cvar="$buffStatusRadiation" operation="LT" value="100"/>
				</triggered_effect>
			</effect_group>
			
			<effect_group name="Shelter and shade"> <!-- Affects how the player is safe from radiation while sheltered in wasteland -->
				<triggered_effect trigger="onSelfBuffUpdate" action="ModifyCVar" cvar="$buffStatusRadiation" operation="subtract" value="@$shelteredPerc"> <!-- makes the player safer from radiation when in shelter -->
					<requirement name="InBiome" biome="8"/>
					<requirement name="CVarCompare" cvar="$buffStatusRadiation" operation="GTE" value="0"/>
					<requirement name="CVarCompare" cvar="$buffStatusRadiation" operation="LT" value="100"/>
					<requirement name="NotHasBuff" buff="buffRadSuit"/>
				</triggered_effect>
				<triggered_effect trigger="onSelfBuffUpdate" action="ModifyCVar" cvar="$buffStatusRadiation" operation="subtract" value="@$shadedPerc">
					<requirement name="InBiome" biome="8"/>
					<requirement name="CVarCompare" cvar="$buffStatusRadiation" operation="GTE" value="0"/>
					<requirement name="CVarCompare" cvar="$buffStatusRadiation" operation="LT" value="100"/>
				</triggered_effect>
			</effect_group>
			
			<effect_group name="Damager"> <!-- affects radiation received caused by damage -->
				<triggered_effect trigger="onOtherAttackedSelf" action="ModifyCVar" cvar="$buffStatusRadiation" operation="add" value="randomfloat(.2,.5)"> <!-- "value=" affects how much radiation zombies give you when damaging -->
					<requirement name="InBiome" biome="8"/>
					<requirement name="CVarCompare" cvar="$buffStatusRadiation" operation="LT" value="99"/>
					<requirement name="!HasBuff" buff="buffRadSuit"/>
				</triggered_effect>
				<triggered_effect trigger="onOtherDamagedSelf" action="ModifyCVar" cvar="$buffStatusRadiation" operation="add" value="randomfloat(.05,.1)">
					<requirement name="InBiome" biome="8"/>
					<requirement name="CVarCompare" cvar="$buffStatusRadiation" operation="LT" value="99.5"/>
				</triggered_effect>
			</effect_group>
			
			<effect_group name="Healing radiation">
				<triggered_effect trigger="onSelfHealedSelf" action="ModifyCVar" cvar="$buffStatusRadiation" operation="subtract" value="randomfloat(1,2)"/> <!-- Healing in any form minorly decreases radiation -->
			</effect_group>
			
			<effect_group name="Percenter"> <!-- just ensures that radiation doesn't go below 0 or above 100 percent -->
				<triggered_effect trigger="onSelfBuffUpdate" action="ModifyCVar" cvar="$buffStatusRadiation" operation="set" value="0"> <!-- never goes below zero percent -->
					<requirement name="CVarCompare" cvar="$buffStatusRadiation" operation="LT" value="0"/>
				</triggered_effect>
				<triggered_effect trigger="onSelfBuffUpdate" action="ModifyCVar" cvar="$buffStatusRadiation" operation="set" value="100"> <!-- never goes above hundred percent -->
					<requirement name="CVarCompare" cvar="$buffStatusRadiation" operation="GT" value="100"/>
				</triggered_effect>
			</effect_group>
			
			<effect_group name="Water contamination"> <!-- Affects radiation while wet or underwater in wasteland-->
				<triggered_effect trigger="onSelfBuffUpdate" action="ModifyCVar" cvar="$buffStatusRadiation" operation="add" value="@_wetness"> <!-- 100 percent wetness equals 1. Also works when raining -->
					<requirement name="InBiome" biome="8"/>
					<requirement name="CVarCompare" cvar="$buffStatusRadiation" operation="LT" value="99"/>
					<requirement name="NotHasBuff" buff="buffRadSuit"/>
					<requirement name="!HasBuff" buff="buffRadiation03"/>
				</triggered_effect>
				<triggered_effect trigger="onSelfBuffUpdate" action="ModifyCVar" cvar="$buffStatusRadiation" operation="add" value="@_underwater"> <!-- Underwater equals 1 -->
					<requirement name="InBiome" biome="8"/>
					<requirement name="CVarCompare" cvar="$buffStatusRadiation" operation="LT" value="98"/>
					<requirement name="!HasBuff" buff="buffRadiation03"/>
				</triggered_effect>
				<!-- <triggered_effect trigger="onSelfWaterSubmerge" action="ModifyCVar" cvar="$buffStatusRadiation" operation="add" value="randomfloat(.1,.2)">
					<requirement name="CVarCompare" cvar="$buffStatusRadiation" operation="LT" value="94"/>
					<requirement name="InBiome" biome="8"/>
				</triggered_effect> -->
				<!-- <triggered_effect trigger="onSelfSwimStart" action="ModifyCVar" cvar="$buffStatusRadiation" operation="add" value="@_wetness"> --> <!-- bonus radiation when swimming -->
					<!-- <requirement name="CVarCompare" cvar="$buffStatusRadiation" operation="LT" value="99"/>
					<requirement name="InBiome" biome="8"/>
				</triggered_effect> -->
				<triggered_effect trigger="onSelfWaterSubmerge" action ="AddBuff" buff="buffRadiation03"> <!-- bonus radiation damage -->
					<requirement name="InBiome" biome="8"/>
					<requirement name="HasBuff" buff="buffRadiation01"/>
					<requirement name="StatCompareCurrent" stat="Health" operation="GT" value="5"/>
					<requirement name="!HasBuff" buff="buffRadiation03"/>
					<requirement name="!HasBuff" buff="buffRadSuit"/>
					<requirement name="CVarCompare" cvar="$buffStatusRadiation" operation="LT" value="90"/>
				</triggered_effect>
				<triggered_effect trigger="onSelfSwimStart" action ="AddBuff" buff="buffRadiation03"> <!-- bonus radiation damage -->
					<requirement name="InBiome" biome="8"/>
					<requirement name="HasBuff" buff="buffRadiation01"/>
					<requirement name="StatCompareCurrent" stat="Health" operation="GT" value="5"/>
					<requirement name="!HasBuff" buff="buffRadiation03"/>
					<requirement name="!HasBuff" buff="buffRadSuit"/>
					<requirement name="CVarCompare" cvar="$buffStatusRadiation" operation="LT" value="90"/>
				</triggered_effect>
				<triggered_effect trigger="onSelfWaterSurface" action="PlaySound" sound="a_radiated_strong_lp" play_in_head="true">
					<requirement name="InBiome" biome="8"/>
				</triggered_effect>
			</effect_group>
			
			<effect_group name="Water Decontamination"> <!-- Decreases radiation while in uncontaminated water. -->
				<triggered_effect trigger="onSelfBuffUpdate" action="ModifyCVar" cvar="$buffStatusRadiation" operation="subtract" value="@_wetness">
					<requirement name="!InBiome" biome="8"/>
				</triggered_effect>
				<triggered_effect trigger="onSelfBuffUpdate" action="ModifyCVar" cvar="$buffStatusRadiation" operation="subtract" value="@_underwater"> <!-- Underwater equals 1 -->
					<requirement name="!InBiome" biome="8"/>
					<requirement name="CVarCompare" cvar="$buffStatusRadiation" operation="GT" value="0"/>
				</triggered_effect>
				<triggered_effect trigger="onSelfWaterSubmerge" action="ModifyCVar" cvar="$buffStatusRadiation" operation="subtract" value="randomfloat(.2,.5)">
					<requirement name="!InBiome" biome="8"/>
					<requirement name="CVarCompare" cvar="$buffStatusRadiation" operation="GT" value=".2"/>
				</triggered_effect>
				<triggered_effect trigger="onSelfWaterSurface" action="ModifyCVar" cvar="$buffStatusRadiation" operation="subtract" value="randomfloat(.1,.3)">
					<requirement name="!InBiome" biome="8"/>
					<requirement name="CVarCompare" cvar="$buffStatusRadiation" operation="GT" value=".1"/>
				</triggered_effect>
			</effect_group>
			
			<effect_group name="ScreenRadiation"> <!-- affects screen intensity in various stages of radiation-->
				<triggered_effect trigger="onSelfBuffUpdate" action="ModifyScreenEffect" effect_name="Radiation" intensity="0.01" fade="2">
					<requirement name="CVarCompare" cvar="$buffStatusRadiation" operation="GT" value="5"/>
					<requirement name="CVarCompare" cvar="$buffStatusRadiation" operation="LT" value="10"/>
				</triggered_effect>
				<triggered_effect trigger="onSelfBuffUpdate" action="ModifyScreenEffect" effect_name="Radiation" intensity="0.025" fade="2">
					<requirement name="CVarCompare" cvar="$buffStatusRadiation" operation="GT" value="10"/>
					<requirement name="CVarCompare" cvar="$buffStatusRadiation" operation="LT" value="20"/>
				</triggered_effect>
				<triggered_effect trigger="onSelfBuffUpdate" action="ModifyScreenEffect" effect_name="Blur" intensity="0.05" fade="2">
					<requirement name="CVarCompare" cvar="$buffStatusRadiation" operation="GT" value="15"/>
					<requirement name="CVarCompare" cvar="$buffStatusRadiation" operation="LT" value="25"/>
				</triggered_effect>
				<triggered_effect trigger="onSelfBuffUpdate" action="ModifyScreenEffect" effect_name="Radiation" intensity="0.04" fade="2">
					<requirement name="CVarCompare" cvar="$buffStatusRadiation" operation="GT" value="20"/>
					<requirement name="CVarCompare" cvar="$buffStatusRadiation" operation="LT" value="30"/>
				</triggered_effect>
				<triggered_effect trigger="onSelfBuffUpdate" action="ModifyScreenEffect" effect_name="Radiation" intensity="0.06" fade="2">
					<requirement name="CVarCompare" cvar="$buffStatusRadiation" operation="GT" value="30"/>
					<requirement name="CVarCompare" cvar="$buffStatusRadiation" operation="LT" value="40"/>
				</triggered_effect>
				<triggered_effect trigger="onSelfBuffUpdate" action="ModifyScreenEffect" effect_name="Blur" intensity="0.07" fade="2">
					<requirement name="CVarCompare" cvar="$buffStatusRadiation" operation="GT" value="25"/>
					<requirement name="CVarCompare" cvar="$buffStatusRadiation" operation="LT" value="45"/>
				</triggered_effect>
				<triggered_effect trigger="onSelfBuffUpdate" action="ModifyScreenEffect" effect_name="Radiation" intensity="0.08" fade="2">
					<requirement name="CVarCompare" cvar="$buffStatusRadiation" operation="GT" value="40"/>
					<requirement name="CVarCompare" cvar="$buffStatusRadiation" operation="LT" value="50"/>
				</triggered_effect>
				<triggered_effect trigger="onSelfBuffUpdate" action="ModifyScreenEffect" effect_name="Radiation" intensity="0.1" fade="2">
					<requirement name="CVarCompare" cvar="$buffStatusRadiation" operation="GT" value="50"/>
					<requirement name="CVarCompare" cvar="$buffStatusRadiation" operation="LT" value="60"/>
				</triggered_effect>
				<triggered_effect trigger="onSelfBuffUpdate" action="ModifyScreenEffect" effect_name="Blur" intensity="0.125" fade="2">
					<requirement name="CVarCompare" cvar="$buffStatusRadiation" operation="GT" value="45"/>
					<requirement name="CVarCompare" cvar="$buffStatusRadiation" operation="LT" value="60"/>
				</triggered_effect>
				<triggered_effect trigger="onSelfBuffUpdate" action="ModifyScreenEffect" effect_name="Radiation" intensity="0.125" fade="2">
					<requirement name="CVarCompare" cvar="$buffStatusRadiation" operation="GT" value="60"/>
					<requirement name="CVarCompare" cvar="$buffStatusRadiation" operation="LT" value="80"/>
				</triggered_effect>
				<triggered_effect trigger="onSelfBuffUpdate" action="ModifyScreenEffect" effect_name="Blur" intensity="0.175" fade="2">
					<requirement name="CVarCompare" cvar="$buffStatusRadiation" operation="GT" value="45"/>
					<requirement name="CVarCompare" cvar="$buffStatusRadiation" operation="LT" value="75"/>
				</triggered_effect>
				<triggered_effect trigger="onSelfBuffUpdate" action="ModifyScreenEffect" effect_name="Radiation" intensity="0.15" fade="2">
					<requirement name="CVarCompare" cvar="$buffStatusRadiation" operation="GT" value="80"/>
					<requirement name="CVarCompare" cvar="$buffStatusRadiation" operation="LT" value="90"/>
				</triggered_effect>
				<triggered_effect trigger="onSelfBuffUpdate" action="ModifyScreenEffect" effect_name="Radiation" intensity="0.2" fade="2">
					<requirement name="CVarCompare" cvar="$buffStatusRadiation" operation="GT" value="90"/>
					<requirement name="CVarCompare" cvar="$buffStatusRadiation" operation="LT" value="99"/>
				</triggered_effect>
				<triggered_effect trigger="onSelfBuffUpdate" action="ModifyScreenEffect" effect_name="Blur" intensity="0.25" fade="2">
					<requirement name="CVarCompare" cvar="$buffStatusRadiation" operation="GT" value="90"/>
					<requirement name="CVarCompare" cvar="$buffStatusRadiation" operation="LT" value="99"/>
				</triggered_effect>
				<triggered_effect trigger="onSelfBuffUpdate" action="ModifyScreenEffect" effect_name="Radiation" intensity="0.3" fade="2">
					<requirement name="CVarCompare" cvar="$buffStatusRadiation" operation="GT" value="95"/>
				</triggered_effect>
				<triggered_effect trigger="onSelfBuffUpdate" action="ModifyScreenEffect" effect_name="Blur" intensity="1" fade="2">
					<requirement name="CVarCompare" cvar="$buffStatusRadiation" operation="GT" value="99"/>
				</triggered_effect>
				<triggered_effect trigger="onSelfBuffUpdate" action="ModifyScreenEffect" effect_name="Radiation" intensity="0.5" fade="2">
					<requirement name="CVarCompare" cvar="$buffStatusRadiation" operation="GT" value="99"/>
				</triggered_effect>
			</effect_group>	
		</buff>
		
		<buff name="buffRadSuitMask" hidden="true"> <!-- Radiation suit Mask -->
			<update_rate value="3"/>
			
			<effect_group> <!-- reduces radiation if wearing a piece of radiation suit. Change value= to greater number if you want to buff the mask. -->
				<triggered_effect trigger="onSelfBuffUpdate" action="ModifyCVar" cvar="$buffStatusRadiation" operation="subtract" value=".02">
					<requirement name="HasBuff" buff="buffRadiation01"/>
					<requirement name="InBiome" biome="8"/>
					<requirement name="CVarCompare" cvar="$buffStatusRadiation" operation="GT" value="0"/>
					<requirement name="CVarCompare" cvar="$buffStatusRadiation" operation="LT" value="100"/>
					<requirement name="NotHasBuff" buff="buffNomadSetBonus"/>
					<requirement name="NotHasBuff" buff="buffStatusArmorBroken"/>
				</triggered_effect>
			</effect_group>
		</buff>
		<buff name="buffRadSuitChest" hidden="true">
			<update_rate value="3"/>
			<stack_type value="ignore"/>
			
			<effect_group>
				<triggered_effect trigger="onSelfBuffUpdate" action="ModifyCVar" cvar="$buffStatusRadiation" operation="subtract" value=".02">
					<requirement name="HasBuff" buff="buffRadiation01"/>
					<requirement name="InBiome" biome="8"/>
					<requirement name="CVarCompare" cvar="$buffStatusRadiation" operation="GT" value="0"/>
					<requirement name="CVarCompare" cvar="$buffStatusRadiation" operation="LT" value="100"/>
					<requirement name="NotHasBuff" buff="buffNomadSetBonus"/>
					<requirement name="NotHasBuff" buff="buffStatusArmorLow"/>
					<requirement name="NotHasBuff" buff="buffStatusArmorHigh"/>
					<requirement name="NotHasBuff" buff="buffStatusArmorBroken"/>
				</triggered_effect>
			</effect_group>
		</buff>
		<buff name="buffRadSuitGloves" hidden="true">
			<update_rate value="3"/>
			<stack_type value="ignore"/>
			
			<effect_group>
				<triggered_effect trigger="onSelfBuffUpdate" action="ModifyCVar" cvar="$buffStatusRadiation" operation="subtract" value=".0125">
					<requirement name="HasBuff" buff="buffRadiation01"/>
					<requirement name="InBiome" biome="8"/>
					<requirement name="CVarCompare" cvar="$buffStatusRadiation" operation="GT" value="0"/>
					<requirement name="CVarCompare" cvar="$buffStatusRadiation" operation="LT" value="100"/>
					<requirement name="NotHasBuff" buff="buffNomadSetBonus"/>
					<requirement name="NotHasBuff" buff="buffStatusArmorHigh"/>
					<requirement name="NotHasBuff" buff="buffStatusArmorBroken"/>
				</triggered_effect>
			</effect_group>
		</buff>
		<!--><buff name="buffRadSuitLegs" hidden="true">
			<update_rate value="3"/>
			<stack_type value="ignore"/>
			
			<effect_group>
				<triggered_effect trigger="onSelfBuffUpdate" action="ModifyCVar" cvar="$buffStatusRadiation" operation="subtract" value=".01">
					<requirement name="HasBuff" buff="buffRadiation01"/>
					<requirement name="InBiome" biome="8"/>
					<requirement name="CVarCompare" cvar="$buffStatusRadiation" operation="GT" value="0"/>
					<requirement name="CVarCompare" cvar="$buffStatusRadiation" operation="LT" value="100"/>
					<requirement name="NotHasBuff" buff="buffNomadSetBonus"/>
				</triggered_effect>
			</effect_group>
		</buff> -->
		<buff name="buffRadSuitBoots" hidden="true">
			<update_rate value="3"/>
			<stack_type value="ignore"/>
			
			<effect_group>
				<triggered_effect trigger="onSelfBuffUpdate" action="ModifyCVar" cvar="$buffStatusRadiation" operation="subtract" value=".0125">
					<requirement name="HasBuff" buff="buffRadiation01"/>
					<requirement name="InBiome" biome="8"/>
					<requirement name="CVarCompare" cvar="$buffStatusRadiation" operation="GT" value="0"/>
					<requirement name="CVarCompare" cvar="$buffStatusRadiation" operation="LT" value="100"/>
					<requirement name="NotHasBuff" buff="buffNomadSetBonus"/>
					<requirement name="NotHasBuff" buff="buffStatusArmorBroken"/>
				</triggered_effect>
			</effect_group>
		</buff>
		
		<buff name="buffRadSuit" name_key="buffRadSuitName" description_key="buffRadSuitDesc" tooltip_key="buffRadSuitTooltip" icon="ui_game_symbol_radiation" icon_color="255,0,255
		">
			<stack_type value="ignore"/>
			<effect_group>
				<passive_effect name="BuffResistance" operation="base_add" value="1" tags="buffRadiation01"/>
			</effect_group>
		</buff>
	</append>
</configs>